channel_id,channel_code,channel_name,channel_family,is_digital,is_inbound
CH_WEB,WEB,Site web,DIGITAL,true,true
CH_MOBILE,MOBILE,Application mobile,DIGITAL,true,true
CH_BRANCH,BRANCH,Agence,HUMAN,false,true
CH_CALL_CENTER,CALL_CENTER,Centre d'appels,HUMAN,false,true
CH_BROKER,BROKER,Courtier,PARTNER,false,true
CH_PARTNER,PARTNER,Partenaire commercial,PARTNER,false,true
CH_EMAIL,EMAIL,Email,OUTBOUND,true,false
CH_SMS,SMS,SMS,OUTBOUND,true,false
CH_RETENTION_OUTBOUND,RETENTION_OUTBOUND,Equipe retention,OUTBOUND,false,false
